Keycode,orgunitlevel2,orgunitlevel3,dhis_organisationunitid,dhis_organisationunitname,datim_organisationunitid,datim_organisationunitname
201110,Tete,Changara,DPpYRj17uV1,CS Dzunga,X7deWPhTiIy,Dzunga CS
200463,Tete,Changara,L62WV6AxXbu,CS Changara Sede,U8feQBluEhj,Changara CS
200464,Tete,Changara,vI8pjj6mcAu,CS Missaua,ccixNtjWLkf,M'Saua  CS
200479,Tete,Changara,Toljlj09adn,CS Mazoe,nvJQYEQIFFM,Mazoe Ponte CS
200494,Tete,Cidade de Tete,BEIqK4935Si,CS NÂº 2 ,YIxt0WtezdT,Nº 2 - Bairro Matundo CS
200491,Tete,Cidade de Tete,CjbDec4FkeU,CS Mpadue,f0WCSs2fwvv,Mpadue CS
201851,Tete,Cidade de Tete,ris2tuYoYtW,CS NÂº 3 ,XLt8l1uPicg,Nº 3 - Bairro Manyanga CS
200457,Tete,Cidade de Tete,LoiUO8sLgRA,CS NÂº 4 ,DW7NajJs9ry,Nº 4 - Bairro Muthemba CS
200957,Tete,Cidade de Tete,cXKrZBbUhrD,HP Tete,e9NQxtBNruk,Tete HP
200481,Tete,Cidade de Tete,RxiHBnSddHb,CS NÂº 1 ,P91Rf8wCj7Z,Nº 1 - Bairro Magaia CS
200475,Tete,Mutarara,XV1d4AS1A7z,CS Inhangoma,DXrgpyCKD21,Inhangoma CS
201869,Tete,Mutarara,jrv5B2suUiV,HR Mutarara,zFzYdXMnPoP,Mutarara HR
340078,Tete,Moatize,GpVP3Er8tHH,CS 25 de Setembro,cGvhZR5kDxQ,25 de Setembro CS
200471,Tete,Moatize,xIElA3ybQ9K,CS ZÃ³bue,dYIdx3HoWbL,Zobue CS
200460,Tete,Moatize,K3zTWxyKzE5,CS Moatize,F42k81lXXMO,Moatize CS
200472,Tete,Moatize,eeXvku5d78S,CS Caphirizange,dRcaKumSx2h,Caphirizange PS
201698,Tete,Moatize,EqSs8Eh9tZl,CS CFM,pthlRKVLgNp,CFM CS
200451,Tete,Moatize,eydYBmar8my,CS Ncondedzi,n5SZuEC3O1j,Ncondezi CS
200147,Tete,Moatize,HMVJTsa8OXT,CS Cateme,qr4pPLTe6Ki,Cateme CS
200484,Tete,Moatize,RHvxT0kh778,CS Mameme II,DsuExtGvONG,Mameme II CS
200454,Tete,Angonia,MfZ1FGglCMh,CS Domue,CpZyeEzz39h,Dómue CS
200490,Tete,Angonia,gkGCB2QSrvm,CS Lifidzi,MAtmMxsNpeZ,Lifidzi CS
200933,Tete,Angonia,lO1ZOpovYiZ,HR Ulongue,sAnH4cWV41G,Ulongue HR
200456,Tete,Angonia,sPZW2VMVI6B,CS Ulongue,gsIY3JD3iHh,Ulongue CS
200447,Tete,Marara,hkIFBir1IrX,CS Cachembe,t0V5NCdjdPi,Cachembe CS
200462,Tete,Marara,BxkIkDAITR2,CS Boroma,dSuHNzaRaSf,Boroma CS
200497,Manica,Barue,fDqUIAimXAL,CS Chiuala,dl9g8UYxk20,Chuala CS
200549,Manica,Barue,GsYcZ9h9BUK,CS Nhassacara,Z6ZZLw50mAM,Nhassacara CS
200521,Manica,Barue,d3aFvsvQ7O2,CS Nhazonia,Nv5WX50ktwr,Nhazonia CS
200936,Manica,Barue,omMGWeMjO27,HD Catandica,qiBueINJbti,Catandica HD
200530,Manica,Barue,XOhxRL9w3Jt,CS Honde,wgqFTVU7Iky,Honde CS
200548,Manica,Barue,rsZpZwTAPq1,CS Cruzamento de Macossa,DVF2BNdSzV9,Cruz de Macossa CS
200524,Manica,Barue,xpFEJzy6IXt,CS Nhampassa,VSHfWQyhzUu,Nhampassa CS
201647,Tete,Cahora Bassa,IMtx8G5tq4u,HR Songo,o3nzTkLC1Pl,Songo HR
200023,Tete,Cahora Bassa,e8wv3acHddB,CS Chitima,KCPICjUZcE4,Chitima CS
200533,Manica,Guro,wdaQR3Yk6ji,CS Mandie,z8MwD6T43n2,Mandie CS
200552,Manica,Guro,X8TLq4JNXju,CS Guro-Sede,VsFXXXagVmp,Guro - Sede CS
200459,Tete,Macanga,RRFBArNZQqU,CS Furancungo,yVFdJkYsLK5,Furancungo CS
200452,Tete,Chiuta,cngCCowWdet,CS Manje,hWWRAoV26mI,Manje CS
200532,Manica,Vanduzi,goKXBs7N5B8,CS IAC,yIcfnuZhejK,IAC CS
200523,Manica,Vanduzi,dVMKbEosMwp,CS Matsinho,eSZjKIwHPYi,Matsinho CS
200564,Manica,Vanduzi,vtKfiT3Z1Co,CS Pungue Sul,IRD5QXalHtJ,Pungue Sul CS
200565,Manica,Vanduzi,KImmzT8DzJ7,CS VandÃºzi,srTptJGYtcK,Vanduzi CS
200542,Manica,Vanduzi,RZSIFguHtRn,CS Chigodore,admxsO3fTtq,Chigodole CS
200503,Manica,Macate,JCaOI2EWde3,CS Zembe Centro,p9u7nMWHEgF,Zembe Centro CS
200560,Manica,Macate,mNfnkeXdKxY,CS Macate,pEAFBcOJIVF,Macate CS
200501,Manica,Macate,tkLybDtDdo0,CS Marera,t3snPDHuVBW,Marera CS
201028,Tete,Magoe,NE3tEHxUcic,CS Daque,lUDMkJxSxHL,Daque CS
200483,Tete,Magoe,CAszGuhyUnC,CS Mucumbura,oJNbeCd6bvb,Mucumbura CS
200469,Tete,Magoe,zo9yOvNADO0,CS Magoe,Uih0KGtvZeo,Magoe CS
200535,Manica,Machaze,Sqry0ikIChZ,CS Bassane,aUMEQzUKI0K,Bassane CS
200538,Manica,Machaze,MdN1RqeBzCP,CS Chipodji,dZrjKdqCi1w,Chipudji CS
200536,Manica,Machaze,e3XMm8h8pJ3,CS Chitobe,FmAQ159jI3w,Chitobe CS
200539,Manica,Machaze,oi1t1JPUViW,CS Mavende,z8UkGdr2xNs,Mavende CS
200557,Manica,Machaze,HZVnPphSXDJ,CS Save,ZifoCg4OvIj,Save CS
200556,Manica,Machaze,MfZ8vUFX3fM,CS Mazwissanga,c6yCKEAemfr,Mazwissanga CS
200561,Manica,Machaze,wXsyilYI7PO,CS Chipopopo,jhngb8KdYU1,Chipopopo CS
200566,Manica,Mossurize,pdtUKo1EQzR,CS Dacata,yYG52aLO1GK,Dacata CS
200567,Manica,Mossurize,B0ndNKYIIDd,CS Mude,t0KQQSZk9rF,Mude CS
200939,Manica,Mossurize,A4fQVrJD7Zd,HD Espungabera,ZrUjQFzR1gM,Espungabera CS
201645,Manica,Mossurize,OFV5FvycnU2,CS Garagua,A0e3A15Lh1d,Garagua CS
200032,Manica,Mossurize,GY2vnTIADh1,CS Chaiva,kKsL2QkNR4K,Chaiva CS
200513,Manica,Mossurize,djm9ORhcU3X,CS Gunhe,X6efCWparbb,Gunhe CS
200529,Manica,Mossurize,U7iWzT5xo5X,CS Mupengo,NJKcpotvrAQ,Mupengo CS
200528,Manica,Manica,XUfVdKbiMwL,CS Messica,gVZ58EQOH6K,Messica CS
200563,Manica,Manica,hPqiPGsEYv5,CS Machipanda,RiIZqF2hfqY,Machipanda CS
200938,Manica,Manica,lT5Qs9ETV9s,HD Manica,KjMGcLd3XXd,Manica HD
338288,Manica,Manica,rfn0xX7liVL,CS 4Âº Congresso,DAcTRfO0CNG,4º Congresso CS
200629,Sofala,Caia,wqEd97U0K52,CS Sena,XFEHZnnEGkT,Sena  CS
200577,Sofala,Caia,p798JDcqmrc,HD Caia,vugElbQMtcL,Caia HD
200580,Sofala,Caia,ARq3tEA0xTJ,CS Nhambalo,tfEtbnUgkGv,Nhambalo CS
200579,Sofala,Caia,zHiDaFKNWdi,CS MurraÃ§a,PPb3XMcCAf3,Murraça CS
200657,Sofala,Gorongosa,iLe1dgNMg89,CS Gorongosa ,ZWAdop7zYgJ,Gorongoza-Sede CS
200604,Sofala,Chibabava,mlOXv0OHQvf,CS Chibabava -Sede,JnsP1SLvvsw,Chibabava-Sede CS
200586,Sofala,Chibabava,xeRs7aXKnm2,CS Hoode,nYIBsKHueFr,Hoode PS
200942,Sofala,Chibabava,LWmmJvxx1Gu,HR Muxungue,TWJPFfCeHES,Muxungue CS III
321331,Sofala,Chibabava,Zb6ryBo3GmN,CS Mutindire,YBG39jGSV17,Mutindire CS
200648,Sofala,Cheringoma,qBXL4ozcMHG,HR Inhaminga,d3thFMLEOGr,Inhaminga CS
200500,Manica,Gondola,JlUMz2rDy1g,CS Inchope,bifefa8JnfN,Inchope CS
200937,Manica,Gondola,pELuhX7Rgup,CS Gondola Sede,awoAlwC06Go,Gondola Sede CS
200527,Manica,Gondola,L7TkArEzSdW,CS Amatongas,e2cMNKCnHOw,Amatongas CS
200502,Manica,Gondola,UzFYRpkVqN2,CS Muda SerraÃ§Ã£o,xfxtwRZ7Ejp,Muda Serração CS
200588,Sofala,Cidade da Beira,JWkHE4YUUau,CS Ceramica,i4KTQ0RGK3T,Cerâmica CS
200615,Sofala,Cidade da Beira,yVukesfhN7e,CS Chamba,hFwwNnFm1B8,Chamba PS
200613,Sofala,Cidade da Beira,JEcWd2ZtbXW,CS Manga Mascarenha,U6Mo4GsQKwT,M. Mascarenha CS
200591,Sofala,Cidade da Beira,bcmSNr2mpCs,CS Munhava,webeuXrveDi,Munhava CS
200590,Sofala,Cidade da Beira,TulcwtPpnb8,CS Manga Nhaconjo,I2tQnsS7wn6,Manga Nhaconjo PS
200593,Sofala,Cidade da Beira,C7aNdIzrk1P,CS Macurungo,tNf8m963xKK,Macurungo PSA
200612,Sofala,Cidade da Beira,AG0Ij65tpL5,CS Chota,aoY0wrz6qBF,Chota PS
201658,Sofala,Cidade da Beira,SpwE4sMebjN,CS Marrocanhe,QxSfgx5QfT7,Marrocanhe
201657,Sofala,Cidade da Beira,IOginoM10CL,CS Manga Loforte,FdqK3U8rDRX,Manga Loforte
200616,Sofala,Cidade da Beira,ZQyVTqYwqi6,CS Matadoro,QTFJClMfP8c,Matadouro PS
200963,Sofala,Cidade da Beira,UuulAHWKfk9,HC Beira,V1MbBFGqwbB,Hospital Central da Beira HC
200592,Sofala,Cidade da Beira,wHarKyfDUwa,CS Nhangau,KQYxmgQNUSD,Nhangau CS
200614,Sofala,Cidade da Beira,GJwxy5Apew7,CS Ponta Gea,ZKVzRmYkKzQ,Ponta Gêa PS
200600,Sofala,Nhamatanda,SGBoKQCD9yI,CS Nharuchonga,lKLoN95Lufh,Nharuchonga PS
200661,Sofala,Nhamatanda,JNpcC8Vmf7o,CS Metuchira Lomaco,lYNYlzUvgos,Metuchira Lomaco CS
321326,Sofala,Nhamatanda,ZEzNCIIh8B2,CS Chirassicua,vIB6Ofu2fJp,Chirassicua CS
200601,Sofala,Nhamatanda,O7hrmPQMkpC,CS Siluvo CSRII,asg9aIblmr6,Siluvo PS
200643,Sofala,Nhamatanda,Gb6NMzoxJ9y,CS Lamego,j7218NqxjYe,Lamego CS
200667,Sofala,Nhamatanda,TDmBoHHdXcU,CS Tica CSRII,QvQ5bpVOJDj,Tica PS
200943,Sofala,Nhamatanda,bOa7m01wjCc,HR Nhamatanda Sede,nmdSUueCjti,Nhamatanda HR
200169,Niassa,Cuamba,IHO6FqT2VCc,CS Mitucue,elnT3rmS6qj,Mitucué CS
360175,Niassa,Cuamba,L4A4cHnmqCy,CS Adine 3,WQny6fFqvYX,Adine 3 CS
200192,Niassa,Cuamba,mY5o8jTjIKb,CS Cuamba,kdUL3XxL1bF,Cuamba CS
200914,Niassa,Cuamba,qZAR8aTw3ok,HR Cuamba,JTNDUJAu3DA,Cuamba HR
200157,Niassa,Cuamba,uSOgQiIsgwu,CS Meripo,MzafLLW5jpx,Meripo CS
200669,Sofala,Dondo,ZATPLvkZR0W,CS Savane,ME9FWjRMe4e,Savane PS
200617,Sofala,Dondo,M3wyiBatqt0,CS Canhandula,TJp862VOKlS,Canhandula PS
200618,Sofala,Dondo,OOVQmzaYBir,CS Dondo Sede,uUmAJIXkmsO,Dondo Sede CS I
200633,Sofala,Dondo,j0ccY4zL81U,CS Maxorote,GTQqEhUUV1F,Maxarote PS
201858,Sofala,Dondo,t9RIGm3h8DV,CS Samora Machel,dSJcUkmJWvZ,"Samora Machel PS (Sofala, Dondo)"
321330,Sofala,Dondo,CHxnHTfZupS,CS Igreja Baptista,I6v4GYaXpQC,Igreja Baptista CS
200572,Sofala,Dondo,QtNLat7uQMf,CS Mafambisse,hCuRPOStRLU,Mafambisse CS
200655,Sofala,Dondo,dWJ61DAg5kn,CS Mutua,QtJyTjN5faU,Mutua PS
200531,Manica,Cidade de Chimoio,g9AT6oQ6Uoi,CS Nhamaonha,UBe2SLdSmxV,Nhamaonha CS
398330,Manica,Cidade de Chimoio,lR0tDnUzHdB,CS Vila Nova,KxEa3dXzAYv,Vila Nova CS
200958,Manica,Cidade de Chimoio,oUykqIIWuIb,HP Chimoio,QDkCAOGVng6,Chimoio HP
200522,Manica,Cidade de Chimoio,aUtB6n9lhl4,CS Chissui,IJwB2CRmy7D,Chissui CS
201696,Manica,Cidade de Chimoio,SKLMPC7qDwD,CS 7 de Abril,DfdvXXyNSoV,7 de Abril CS
200525,Manica,Cidade de Chimoio,nT0RSdagl3c,CS Eduardo Mondlane,rlAmYWNUTnR,Eduardo Mondlane CS
200499,Manica,Cidade de Chimoio,ZPCgEihjMiy,CS 1 Âº de Maio,l7dBO27dhA6,1º Maio CS
200559,Manica,Sussundenga,gucAF89KSPW,CS Dombe,xf9Q4yYDlq5,Dombe CS
321333,Manica,Sussundenga,IVMLAFPrwB1,CS Sembezea,rnZaJL4iEBz,Sembezea CS
338290,Manica,Sussundenga,VE6gqvIqNNU,CS Darue,kny7mdXnSEx,Darue CS
200517,Manica,Sussundenga,hzMMspjctBN,CS Sussundenga-Sede,RovRnV9RWFd,Sussundenga CS
200546,Manica,Sussundenga,QAbnMAYSwNt,CS Munhinga,Kwts2m2rUUp,Munhinga CS
200178,Niassa,Cidade de Lichinga,v8IcierBRV0,CS Namacula,TM31sX4CThP,Namacula CS
201205,Niassa,Cidade de Lichinga,rA2XtLlH4ZB,CS Lulimire,Ui58kwN6uQ0,Lulimire CS
200954,Niassa,Cidade de Lichinga,VKP8A0OwApk,HP Lichinga,SfB5NwJXaot,Lichinga HP
200152,Niassa,Cidade de Lichinga,jHlNl7FzWw1,CS Chiuaula,AEZgWxwdbd9,Chiuaula PS
200155,Niassa,Cidade de Lichinga,kTLJHJShXJC,CS Lichinga,BRlA0HkkMGM,Lichinga CS
200941,Sofala,Marromeu,zQrQsbs6EHX,HR Marromeu,RxHTSbz8VN5,Marromeu HR
200599,Sofala,Marromeu,olAdg7i0qDZ,CS Nensa,euFWewBZ5Xr,Nensa CS
200173,Niassa,Mecanhelas,yLGuFP6jHk4,CS Chisaua,v4ZYs2QjOQO,Chissaua CS
200163,Niassa,Mecanhelas,TJhnk83hQLW,CS Mecanhelas,wtV2TtEPCCZ,Mecanhelas CS
200165,Niassa,Mecanhelas,yDYqmDwiMUu,CS Entre-Lagos,aoJNeHN9JFY,Entre-Lagos CS
200190,Niassa,Lago,pGcM8SNZ1uD,CS Metangula,DhPZWGceA1Q,Metangula CS
200154,Niassa,Mandimba,mEd88tafLmT,CS Mitande,SufFhnSEIKA,Mitande CS
200180,Niassa,Mandimba,KqIfEtf5mj8,CS Mandimba,GDCM1IWa7Zh,Mandimba CS
200195,Niassa,Ngauma,i9cfzJGXjve,CS Massangulo,KujnNfVcY2N,Massangulo CS
200191,Niassa,Metarica,uLXgeGEYPsn,CS Metarica,dQk8ubXxXLX,Metarica CS
200625,Sofala,Buzi,BDXebOcXCzA,CS Bura,d9VvJxm3TX0,Bura CS
200576,Sofala,Buzi,A6UC3jvbYGo,CS Guara-Guara,EQs1z4T6WiJ,Guara-Guara PS
200605,Sofala,Buzi,barctDO0AlZ,CS Ampara,VqeMGiX9sMV,Ampara PS
200574,Sofala,Buzi,enNmUo4i8I7,CS Bandua,XvVmyn071HT,Bandua CS
200940,Sofala,Buzi,a4N0oupiD9t,HR Buzi Sede,QCY2lUMpt7f,Buzi Sede HR
200638,Sofala,Machanga,OovZT6YXvH2,CS Machanga ,T6VbSgxjG4o,Machanga CS
99999,Manica,Chimoio,kuc35LlO53Y,CS Penitenciário Cabeça do Velho,a1KCMV2VRpC,Penitenciário Cabeça do Velho CS
